,text
0,Political alignment powers cooperation across South Americas lithium triangle
1,": ""Jean Baptiste Pointe du Sable Lakeshore Drive to Center"""
2,: City Rats and this is our logo
3,After a parent points me to the beer cooler at a kid's birthday party
4,Great to see bring his passions to the indy wrestling scene. Next stop WWE.
5,In some personal news I just accidentally ate several pieces of pizza that had pineapple on it. Your thoughts and prayers at this difficult time are appreciated.
6,Perfectly paired... Wild One with Lobster/Crab roll served on seasonly toasted Challah Bread with a side of Cumin Crinkled Fries.This Girl Can Cook....
7,": ""It's not just an informal group of cyclists it's a public transportation system based on bicycles."""
8,: krill windows krill windows krill windows !!!
9,: Undisclosed location
10,Youre captain of a softball team. Whats your team name? Its gotta be better than most these team names I just spotted on a park bulletin board.
11,Fate does not make mistakes~ DR. FATE Played by the one and only st
12,I just earned the 'Haze for Days (Level )' badge on !
13,Drinking an Experimental IPA : HBC + El Dorado by Untappd at Home
14,Thank you!!Wait til you see our movie on October st
15,
16,Thank you man. Our teams are ready to go.
17,"Were gonna go wild tomorrowtune-in to the Sunday, August th at pm ET/PT to find out why"
18,Live look from inside our fridge rubenriverab on IG
19,The Man in Black &amp; the JSA. OCTOBER st
20,"Good eye Austin that you would catch my whispering to Paul. I said to him what I say to everyone I did this crazy, dangerous shit with I made sure he was ok and I thanked him. Loved working with . We shared a love and passion for our wild world of pro wrestling."
21,": Having a cold one at an undisclosed department store on the Mag Mile that rhymes with ""Fordstrom""... http"
22,Rare YIMBY lawn sign
23,"Congrats to Maine's which was recently awarded a $500,000 grant in the state's Jobs &amp; Recovery Plan to help farmers and food processors address infrastructure needs. Blue Ox plans to use the grant to expand its processing capacity."
24,Undisclosed location. Drinking beer. On a Chicago day as pretty as that Chicago tavern ceiling.
25,Lololol.
26,Are you a big Northwestern guy?No. I just find it hysterical that they beat Nebraska today.
27,Lol. The longest flight in the history of aviation will be the Nebraska team charter back from Dublin after losing to despite being point favorites.
28,"Pete Zah: Lover in the kitchen, killer in the ring."
29,: Husker fans there at least have the means to cope.
30,Lol. Nebraska calling timeouts to prevent from running out the clock with a point NU lead. The Wildcat fans at must have the place up for grabs.
31,Its all about those Schilling Summer Feels &gt;&gt;&gt;
32,does indeed taste exactly like peach tea. shoutout to for holding onto one for me
33,"The Republican candidate designs, codes and updates his website himself his recent updates to the abortion section reflect his desire to use his policy section as a living document rather than an immutable record of his positions is some massively unseemly shit."
34,This view...refreshing!
35,Retail adjacency that slaps
36,"A group thats very hungry, motivated and inspired to deliver to the world and usher in our"
37,*grandpa simpson voice*STOP MAKING NOSTALGIC HITS THAT I GRUDGINGLY ENJOY
38,"Since its founding, Narragansett has shapeshifted, rising and falling in popularity. In this Unrated piece, traces its story, including its present-day revival."
39,Dragon Boat races are really fun to watch from a canoe.
40,"Strange thing about pop music in is it seems designed to appeal more to older people than the young.Its all mash-ups with older hits (Dua Lipa), s homages (The Weeknd, recent Bieber) or whatever Harry Styles is doing (a less-edgy Sting?). I mean, Im not complaining!"
41,The th hole Sponsored byCOCO COCKTAILTHE Better For You Alcohol!
42,: This is true. Keep finding other things you like more. Try to make yours better (but don't lose your direction in the p
43,"Shop the P&amp store! Prints, cards, pins, shirts, stickers, glassware and more!"
44,An emotional support Eagle?
45,"In case of emergency, always bring your epi-pain"
46,Taming the Wildflowers The Beautiful and Distinctive House Yeasts of British Brewing by
47,"Manneken Pis had too much of an ego and went solo, leaving the other three behind."
48,: Reminder that Curt Schilling defaulted on a $75 million dollar loan from the state of Rhode Island.
49,"I'm gonna out on a limb here... Oh, hey - a bird's nest!"
50,Such a dope article....I am here for all of this .
51,Cold beverage to start the morning Hot beverage to end the night
52,: When do we start rioting?
53,: too early for an undisclosed location?
54,": The history of Amazon and Whole Foods' sometimes-rocky marriage, which kicked off years ago with a $13.7 billion acq"
55,"It's hard to be friends with kleptomaniacs because they take things, literally."
56,": Retail investors are incurring billions in hidden costs using 'free' brokerages, study says"
57,": My wife has filled our house with stuff, and I think she has a shopping addiction. How do I get her to stop?"
58,: GOOD MORNING IT'S GAMEDAY!! Join us at for FREE swag! visit o
59,: Is this not ?? We put a little twist on some of our menu items like our Pistou Gnocchi with perfectly al dente
60,: First time pouring Hidden Hand Brewing The is a Chicago Neighborhood Lager that is light crisp and pairs perfectly with
61,: Ryans on the bus now to open for the game! If youre seeing this you should come through and have a beer at
62,: Good things rollin in at the Frog Bar this weekend
63,: It's okay...we are drooling too! $45 bottomless brunch with an entree of your choice with either bottomless mimosas or
64,: Lets Go Liverpool
65,": FREE SHOW Saturday, September Earth To Mars - Tribute To Bruno Mars.Claim your free ticket at"
66,: Join us tomorrow to watch us play a team with too many signings! Can we make it /12 pts to start the s
67,Amazon bought Whole Foods five years ago for $13.7 billion. Here's what's changed at the high-end grocer Great documentary as always by with my comments
68,": toxic chemicals used in fast fashion clothing, and how they can affect your immune system"
69,Question for you Chicago running enthusiast weirdos. Would you do a fully indoor k in mid-winter held in somewhere huge like or maybe barrel warehouse?
70,"Been watching , and I dig it. It's like a Hieronymus Bosch painting had a baby with a Cure song."
71,"Read 's latest Unrated piece where he tells the story of Cara Pils, Belgiums undisputed cult favorite beer."
72,Who's ready for gameday?! streetwear_aficionado on IG
73,"""Don't just taste your own juice. Your going to start to like it."" Master Distiller &amp; Blender Lisa Wicker."
74,I just found out I need to be sociable with other people today for several hours and this does not align with my current levels of available extrovert fuel. Help?
75,: 'Theres a real danger that the constant chemical invention that makes beers taste more vivid is also changing the way we thi
76,Cool news.
77,Did a plant write this?
78,: Im old enough to remember when Trump and his supporters believed the mishandling of government information warranted impr
79,Viva la cerveza checa! A splash of Czech-style dark lager adds malty Maillard depth to the mashed black beans in this flavorful tostada preparation.
80,Orand hear me out here race flyer guy. how about I go enjoy competition beverages today and NOT run at all? Also you misspelled Washtenaw on there.
81,: MAI TAI HAVE A CHANCE Try this tropical beer special at our End of Summer Luau tonight! Mai Tai Have A Chance is our take o
82,
83,": Eating BIG in Detroit ft. Italian, Syrian, Lebanese, Yemeni, Iraqi, East African, South African, South Asian, Japanese, Vie"
84,": If I'm the State Fair marketing team, I'm moving mountains to get the corn kid from TikTok to the Corn Roast booth"
85,Not sure what that is about but they seemed to be having a good time at the k.
86,: OTW to celebrate years
87,": I was in the Chicago marathon once, it was the only way I could get across the street."
88,"Yes, that was me at one of those stores but the items in those discrete small bags were for other people. It was simply a favor for a friend. My personal ban on running anywhere for fun remains intact. Those race bibs were for other people. Any report to contrary is a lie!"
89,"Reports are circulating I was spotted seen leaving one of those stores yesterday with several small discrete packages. I would like to address these rumors. Yes, that was me. But let it be crystal clear it was purely a favor for a close friend and nothing I partake of myself."
90,": Sarah Nurse had a record-setting, ceiling-breaking performance at the Beijing Games.But when we met in Toronto this summ"
91,: Promo!!!
92,: Hotdogs contain nitrates that literally shave time off your life. Do you need any more proof that they are the ideal food
93,"a colossus right smack in the middle of the country. everything that I love about a city tall towers, hard corners, and sharp elbows. -"
94,: Timely and timelessly instructive lesson on leadership during that most existential House Divided era of U.S. history
95,Sigh. How it startedhow its going.
96,The rise and fall and rise again of Abercrombie &amp; Fitch
97,I just visited Del Taco for the first time and now I understand why Jack in the Box scooped up the chain for nearly $600 million last year
98,And that was a lie!
99,"In Serbia, more than people attending the Belgrade BEERFEST tested their reflexes and motor skills to see how demanding it is to focus on driving while intoxicated, as part of Jelen and our Apatin Brewery's ""jelen kad pijem ne vozim"" campaign."
100,: Great one liner
101,"We visited Aldi rival Lidl stores in the US and UK and found that one offered much wackier products, including massage guns, leaf blowers, and $59 kayaks"
102,"Seen the movie countless times, but watching it on a crisp summer night on a rooftop was by far my favorite. Summer nights in"
103,Feeling compelled to post about brewery to-go pricing in Missoula because someone told me about $30 -packs from an NYC brewery this week.
104,: ambulance requested to shooting sceneFemale unrelated to the shooting is overdosingDr
105,:
106,: Hairston to retire from City Council after years representing th Ward(Via Sun-Times)
107,": Kenny Loggins rode right into the danger zone when he inked a -day contract with the Lakers - hang on, being told tha"
108,"Look, like what you like, but why would anyone ever COOK an OYSTER"
109,Federal agency recommends removal of four lower Klamath River Dams
110,Drinking Pilsner
111,Baseball and imperial stout. A great pairing for relaxation.
112,: Stolen documents gave the Soviet Union a nuclear bomb years before they wouldve had it. Stolen documents have gotten t
113,Here's my girls for . They're getting really close to their th birthday!
114,"New : Warehouse Coordinator Finback Brewery in Queens, NY"
115,": In an undisclosed location, drinking one of my all-time favorite beers, the Bitter Man, with ,"
116,: Everything is terrible. Context: Bella Luna is on the SE corner of the One Chicago building block.
117,": My thoughts on beer, inflation, and the summer selling season as we head into Memorial Day weekend."
118,Cold IPO sounds like my investment in Robinhood last year
119,Undisclosed location. Drinking a cocktail. Toasting iconic skyscrapers.
120,Families of Ayotzinapa massacre victims march in Mexico City
121,Follow Courthouse News on Instagram and Facebook:
122,Say it with us: Awwwwww: rencolleenphotography on IG
123,This is the local Belgium news that I'm paying for.
124,Amplify Energy and two subsidiaries agreed to plead guilty to Clean Water Act violations and pay $13 million for the -gallon crude oil spill that fouled Orange County beaches in .
125,": Cautionary tale: A Lyft driver who crashed after her fare's enemy, identified as John Doe, opened fire on her vehic"
126,"+ years of following , a deep dive into How to Zoom Your Room, and a light office remodel and here is how I showed up on CNBC"
127,"Big pineapple fan but this misses the mark for me. Faint, artificial flavor with a bad aftertaste. - Drinking a Pineapple by -"
128,
129,: My story below. Texas jury is deliberating if fmr. cop Ravi Singh is criminally negligent in killing Maggie Brooks during w
130,"A jury began deliberations Friday into whether former cop Ravi Singh was justified in killing a woman during a welfare check when he fired on her charging dog, with lawyers arguing over the victims culpability in keeping the animal unleashed."
131,"The FBI raided Mar-a-Lago as part of a criminal investigation opened by the FBI after Donald Trump produced boxes of missing presidential records earlier this year, the U.S. government revealed Friday."
132,I cant color in the lines and Ruby is making some stained glass looking greeting cards.
133,Sephora to Pay $1.2M for California Data Privacy Violations
134,": In a footnote, the FBI pointed out that Section of the Espionage Act, does not use the term classified informati"
135,: FBI affidavit says Mar-a-Lago raid was part of criminal investigation concerning removal and storage of classified in
136,: Updated: Affidavit used in Trump Mar-a-Lago search warrant made public [P]robable cause exists to believe that evid
137,: Unnamed FBI agent who wrote the affidavit believed the following spaces Trumps Mar-a-Lago were not authorized t
138,Telling me Lets go somewhere weve never tried before! is a very risky game.
139,At dinner with my mom and the boomer guy at the table behind us who looks like he was likely of the MANY NJans who went to the Sopranos open casting call keeps loudly naming beer styles bc he isnt sure what he wants but its not one of those IPOs. God I love eavesdropping.
140,": Congresswoman Marjorie Taylor Greene had $183,504 in PPP loans forgiven."
141,: Where does Mitch McConnell get millions to deploy around the country in an effort seize control of the Senate and pursue a n
142,Let's Do This.....
143,"New : WATERBIRD National Account Manager - Western Division Waterbird Spirits in ,"
144,: The big turnover of Chicago aldermen and alderwomen continues. Hyde Park and South Shore Ald. Leslie Hairston announces she
145,"Here's my recipe to make your own fries like this. It takes a bunch more time, but maybe you're not lazy."
146,"In less than minutes you can have hot, crispy, better than baked fries that taste like they've actually come out of a fryer. AND the cleanup is just a couple tablespoons of oil. Also this is not sponsored but someone at can write me a check if they want."
147,"The closest to restaurant/fried french fries you can get in your house in the least amount of time are these Ord-Ida fast food fries with the ""pan fry"" method."
148,"Image ID: a small, medium, and large dog all wait patiently for their owner to return with a beer."
149,"From remote Setesdal, Norway, this recipe comes from a special series of beers dedicated to honoring different kveik cultures and the farms and traditions from whence they come."
150,It's not raining yet and there's still time to celebrate on the patio!
151,Israel's defense minister said Friday it was important to maintain capabilities for defensive and offensive purposes as he met with a senior U.S. official to reiterate Israel's opposition to an emerging nuclear deal with Iran.
152,An early Holiday gift for gamblers.Rangers sign well-traveled Keuchel
153,Watching Netflix with ads will cost about half as much as watching Netflix without ads via
154,: The families of the victims of the massacre have begun their first monthly March after the indictment of form
155,Its a pretty city.
156,"Identified by federal prosecutors last year as the lynchpin of a $4 million fraud against a health plan for NBA players, former Louisville star Terrence Williams copped a deal and pleaded guilty on Friday."
157,the second one will bring you right back from the dead.
158,"A federal judge in Arizona dismissed a suit Friday seeking to ban electronic voting machines ahead of the November midterm election, brought by Republican candidates who claim the machines may have security flaws."
159,This turned out pretty good.
160,Trying to make my brain write things when it absoultely does not want to is not a fun thing.
161,"There are a lot of awesome producers of independent content out there! Find a writer, musician, podcaster, or visual media producer out there and give them a like on this"
162,Undisclosec location. Drinking beer. Cheers to the weekend !
163,: Scooby is real!
164,: On the latest All About Beer &amp; go deep on Kveik w/ guests &amp;
165,Can't come soon enough
166,Going along with the hazy trend. A hazy martini.
167,"By a unanimous vote, Patricia Guerrero was confirmed Friday to take her place as the next chief justice of the California Supreme Court."
168,Very cool
169,Join the new campaign by sharing your stories and downloading free marketing assets.
170,Gotta make sure safe search is on!
171,This job sounds so fun
172,": NEW RELEASEDragon of Mordiford, Porter, % ABVBiscuit, toffee and a dry roast coffee. We had a hoard of a good"
173,Workers at Michigan Chipotle Restaurant Vote to Unionize
174,: So adorable baby!! Love or not??
175,"New : WATERBIRD National Account Manager - Eastern Division Waterbird Spirits in ,"
176,With Alderwoman Hairstons retirement will be last remaining No vote on the Parking Meter boondoggle still serving on City Council.
177,Hello Sears Tower! I am here to advise you the new th Ward has you (mostly) surrounded!
178,"Discover why the engagement and loyalty impact of seamless, personalized experiences, along with the power of agility, are driving retailers tech investments."
179,"Hello, weekend. How do you do? millersintheair on IG"
180,"Labeling forever chemicals as hazardous, EPA announces elimination plan"
181,Who am I still missing?
182,": I learned so much from Ald. Hairston, especially when I was younger and just finding my way around CH/the world. She alw"
183,": $50,000 A1 to New Day Bill Conway"
184,Campaign ontribution caps busted in State Attorney General Race per
185,. They're bedbug eggs.
186,Alley is apparently not a giant fan of thunderstorms
187,"I'd prefer an NFT, but the physical card will do"
188,"Dissolving an extended temporary restraining order Friday, a federal judge gave the California Department of Transportation the green light to begin sweeping an Oakland homeless encampment which may have residents."
189,"needless to say, i feel VERY confident i tried as extensive of a sample net as realistically humanly possible"
190,"it's very telling that when i look at the ~80 ciders or so that i have left to sample for the book and think ""wow, i'm almost done!"""
191,": Barrack is out on $250M bond, charged with working on behalf of the UAE while Trump was both a candidate a"
192,: S03E03 of Rob Talks Beer is out w/ . We're talking Helles Lager &amp; switching careers into the beer industry.
193,I find myself behind a real go getter at this downtown station on this fine Friday. The kids are alright.
194,Custom camo? It must be and
195,": Trump is a ""key figure in nearly every aspect of this trial"" as his former campaign adviser Tom Barrack heads to court nex"
196,"If you could drink one beer for the rest of your life, what would it be?"
197,The Biden administration said Friday there's enough monkeypox vaccine available now but health officials say the shots arent getting to some of the people who need the protection the most.
198,: Good afternoon from Ft. Worth. Closing arguments about to begin in criminally negligent homicide trial of fmr.
199,"New : Social Media Manager in Brooklyn, NY"
200,point Dow drop plus Trump search warrant affidavit released this afternoon? Do not waste this Friday news dump opportunity my flack friends!
201,Walmart+ Expands Garage Delivery Service With Smart Tech Partnership
202,I see no way a CTA train wrapped in Bullet Train advertising could backfire on them this month.
203,Both great logos! Vote for your favorite!
204,The U.S. Secret Service said Friday that it has recovered $286 million in fraudulently obtained pandemic loans and is returning the money to the Small Business Administration.
205,. winner is heading to the Red Carpet this Sunday. Heres a throwback to one of his performances.
206,"With a plan and the right tools, preparing your yard for the winter doesn't have to be a headache."
207,Really good Macro! Thanks to Mark and Joel for suggesting it! - Drinking a Cream Ale by Untappd at Home
208,A lawyer for an Afghan refugee accused in the Albuquerque slayings of three Muslims entered a not guilty plea Friday on her client's behalf.
209,"Agree to disagree. Ongoing perception (or reality) of unsafe trains &amp; buses will hurt ridership more. Plus let's be real honest here, this summer's CTA onboard violence is not of the ""You bumped me with my backpack on this crowded train! I demand satisfaction!"".It's robberies."
210,": Great read about an ""advance"" in brewing technology."
211,Covid-19 vaccine companies wage legal patent war
212,I need your help! ISO: a Big Stout for our next beer box.
213,Good boy o'clock: alleyyeager
214,: OBC National Dog Day starring Murphy and Milo Hopkins! Our Brewery is joyously dog friendly!
215,Try to limit yourself to or middle aisles when grocery shopping
216,": Did you know that City Market now carries ready to drink cocktails like , &amp;"
217,Why not
218,": Today, Public Transportation Affinity Officers along with and Lincoln Park Community Services conducted a Pu"
219,: It also appears that the sinking of the Titanic was just about ice
220,The paradox of choice...now conveniently available in a variety -pack!
221,Gold!
222,: Mannys Deli will celebrate years of serving Ashkenazi Jewish fare to Chicago with smoked pastrami sandwiches https://
223,Honestly my reaction here is Only $50k?
224,Dollar General Promotes New President and CFO Following Strong Quarter
225,"Today's accidental google discovery of the day - amazing profile of an old school Rush &amp; Division Chicago character. ""Despite Fritzys best efforts to change his ways, Terri, wife number whatever, moved out."""
226,"They would seem to have a conflict of interest, but I'll allow it"
227,: Ep is a showWe talk to the event organizer of the N. H. Homebrew festpreview some brewers like
228,Card carrying member of the Cold IPA Fan Club
229,": Agreed. So much of what's happening in ""craft"" beer is a dead end for beer. Seltzer or vodka are better bases for bullsh"
230,"Last Call: Beer Kulture, Brave Noise, Women of Bevolution Launch $15K Grant Program; Bud Light Names New Creative Agencies.(subscription not required)Story by &amp; :"
231,Latest News &amp; Events from Craft Beer Austin for /26/2022 -
232,"From THC in the taproom to festgoers at FoBAB, here are some recent news and announcements from around the industry."
233,: Folks finally finding out what historians already know: ain't nothing sexier than archive boxes.
234,"A New Grip on a New Reality Culmination Brewing in Portland, Oregon by"
235,No ruff days: cpbeverage on IG
236,This might be too niche.
237,"As I sit on the patio sending emails and writing copy, I feel like it would be a good time to bring back Jelly coworking. Does anyone else remember going to a Jelly?"
238,NO PEEKING! But what do you think the average age of Chicago's City Council is?
239,: Escalation of war near Ukraine nuke plant raises red flags
240,": SATURDAY /27, Kolbs Farm Russian Imperial Stout &amp; Bourbon Barrel Aged Big Shanty is making its debut for our year a"
241,: Julien attacking Brindley's assertion yesterday that Van Allen wanted to be one of 's victims for the clout and money
242,": Julien, like many attorneys before him, accidently uses Jane's real name while questioning Van Allen about their alleged thr"
243,"Happy ! From Beer:30 visits to their off-centered swag, these co-worker pups make our day every day!"
244,": Murrell, trying to confirm Van Allen's identity, asks her ""What happened at Harrah's Casino?"" ""Sex,"" was Van Allen's reply."
245,": Bonjean accuses Van Allen of trying to get money out of in recovering the tape. ""it's all about money... it doesn't"
246,Find out why your marketing playbook for the second half of the year should include livestreaming and humility.
247,": ""So the person you took the video from... is now the person whose help you need to get it back from your trusted friend,"" Bo"
248,: Now into specifics of who had the alleged sex tape and when. Bonjean asking why Van Allen went to after learning a t
249,": Bonjean brings up that after breaking up with Damon Pryor, Van Allen briefly lived with again and received financial"
250,: Back to Van Allen getting 's alleged sex tape to Keith Murrell. Van Allen says she sent it via some kind of parcel se
251,: Happy International Dog Day from Oliver! He's been in foster care since he was found alone in rural Saskatchewan this
252,PR: Lawsons Finest Releases New Super Session IPA Available Year-Round in Northeast.Link:
253,"Sorry, guys. I've had a lot on my mind lately and hope to get around to it soon"
254,": Van Allen says she doesn't recall if she told Keith Murrell that 's Rolex watch was worth $100K, but denies sending i"
255,"The Sunrise Onesie in vintage green is built for belly crawlers &amp; impromptu naps. A combed ringspun % cotton/40% poly blend features an easy -snap closure. Available in sizes newborn, mos, mos, &amp; mos.Both now in the shop + coming online soon at ."
256,"Lets get the young ones back to pre-school in style from Half Acre The Heron Toddler T is perfect for playdates &amp; playground conversation starters. A combed ringspun % cotton/10% poly blend with an easy over the noggin fit. Available in purple, sizes T through T."
257,: NEW Affidavit used in Trump Mar-a-Lago search warrant made publicVia
258,Hello fellow riding tweeps! What is your NUMBER ONE concern when deciding whether to use for a trip?
259,": ., Minnesota State Fair Understander"
260,": Affidavit used in Trump Mar-a-Lago search warrant made public, with redactions"
261,Fine. Let's do a super scientific poll.
262,"Read on for info about 's anniversary tomorrow, my thoughts on old favorites, and of course, a dELiA*s reference. Via !"
263,Why Headless Commerce? Why Now?
264,"We know that a chemist can synthesize flavors with a magicians skill, but the reason we once liked beer was because we admired how a brewer could make beer taste, not a molecular composer."
265,Today in things that probably amuse and delight only me - there's a long time Pennsylvania beverage alcohol industry attorney coming to speak in Chicago this fall named Michael Madigan.
266,Round of a-paws for this good pup. It's
267,": BREAKING - Affidavit used in Trump Mar-a-Lago search warrant application made public, with redactionsStory TK"
268,: Court resuming in 's federal trial in Chicago. Kelly's lead defense attorney Jennifer Bonjean asking Lisa Van Allen a
269,: Bonjean repeating Brindley's strategy yesterday of highlighting a discrepancy between Van Allen's testimony yesterday and th
270,": Bonjean gets to Van Allen's move back to Atlanta after she decided to leave , as well as her taking an alleged sex ta"
271,": Van Allen says that she thought Jane was when they met, and that she didn't think it was wrong to have a threesome with h"
272,Good work this week by officers!
273,": Bonjean bringing up Van Allen's relationship to ""Jane"" now. Van Allen says she can't remember exactly when she met Jane, bu"
274,": Bonjean getting into Van Allen's sexual history w/ , specifically the alleged threesomes. Van Allen re-affirms her te"
275,": Van Allen rebuts that she became friends with Keith and ""Talent"" while was not around, and re-states that Kelly both"
276,: Bonjean asking why Van Allen became close with Keith Murrell when she also said prevented her from associating with
277,: ROBBERY with a FIREARM and AGGRAVATED BATTERY Blue Line. Bureau of Detectives - Mass Transit Unit htt
278,: Bonjean continuing Brindley's strategy of trying to poke holes in Van Allen's testimony yesterday; now focusing on the abuse
279,: Bonjean getting into Van Allen's willing participation in several of 's tours and music videos. Bonjean is playing a
280,": Van Allen denies lying to investigators about when she met , as she says she based her recollection of events ""off th"
281,": Bonjean claims Van Allen's recounting of events to investigators in is off by about a year. ""When you spoke to the assi"
282,": Bonjean brings up another interview Van Allen gave to Homeland Security, in which she says Kelly's co-defendant Milton Brown"
283,Count the sesame seeds. The closest to the correct number gets a free bun.
284,Most brewers &amp; distributors are family owned &amp; operated businesses. One of our favorite things is being able to help strategize their futures - particularly when theres dissent &amp; mistrust among the stakeholders. The more stakeholders - the more complex it becomes.
285,I'm not an economist but I feel like someone should study what the economic impacts of literally a million extra people dying is...?
286,": Allweiser Beer, Chicago ."
287,A growing number of wealthy people are shopping at Dollar Tree and Dollar General as inflation bites
288,"In this clip from a recent session, 's reveals why top retailers are rethinking their strategy and including moments-based marketing tactics that deliver customer value."
289,"In my efforts to become the of City Council member statistics I still need to find the birthdates for City Council members Lee, Quinn, Curtiss, and Cardona. Anybody?Super exciting ""Guess City Council's average age!"" contest to follow."
290,": Great article featuring who won 's National NextUp Music Competition! Congratulations, Reiana Fern"
291,Fears of a radiation leak hung over Europe on Friday as fighting threatened a massive nuclear power plant in southern Ukraine now in danger of losing its power supply.
292,"Another ""system"" of drinking being tested - package with different levels of ABVs"
293,: /2 Barley drying and storage tips for malt barley (1) dry quickly after harvest (2) low and slow (3) dry by moisture class
294,"Party Pack - Contain all types of RTD Alcohol Beer / Wine / Liquor in case a unique spin on a ""system"" of drinking.."
295,"Happy Friday!San Antonio | The Saga starts tonight and has showings all weekend long. The full schedule is below:: , :, &amp; (, , &amp; )We can't wait to see you all this weekend!"
296,What cant they do? Happy !
297,Sucks for anyone who shows up to Mars with a couple years left on their AT&amp;T contract
298,Am I buying new beverages this weekend ?
299,"Wed love to have T-Mobile on Mars, Musk says via"
300,"Is this a surprise? Its a fake beer that wouldnt appeal to beer drinkers. Its not a flavored beverage so it wont appeal to seltzer drinkers, especially those who dont like the taste of beer. Who exactly is the market for this product?"
301,: Its Follow Friday so a Shout Out to all those great podcasts we highlight in our segment breaks!
302,"PR: Two Pennsylvania-based Family-Owned Makers Collaborate, Pair Craft Beer and Signature Pretzels.Link:"
303,: Day ! Stop by for a cold one!!
304,"TransUnion Survey: BNPL, Curbside Pickup Top Back-to-School Trends"
305,"France's record heat and drought have not spared the majestic pastures under the snow-capped Alps, where cows are struggling to find enough grass to produce milk for reblochon and other prized cheeses."
306,": Bonjean attempting to get Van Allen to admit to sexually abusing ""Jane"" when she was a minor. Van Allen doesn't deny it, and"
307,"Have to reach a Chicago City Council member? Lol. Yes, yes I have. Ward office responsiveness to routine questions varies wildly tbh."
308,A new camo collection with and its biggest media investment in years has in the hunt for rural drinkers. Read more on the blog!
309,": Van Allen said yesterday she was when she met , but that she told him she was . Van Allen denies lying to Kelly"
310,: Bonjean begins by asking Van Allen about her hesitancy to come to court today. Van Allen shoots back that hesitancy is not a
311,": Van Allen was on the witness stand all yesterday, giving very emotional testimony to prosecutors before being subject to a h"
312,PR: J's Fresh Hop Festival is Back on Sept. .Link:
313,Pay attention to 's tech-hiring spree in Chicago and what it says about the city's ability to attract talent in a post-pandemic world.
314,Federal Reserve Chair Jerome Powell delivered a stark message Friday: The Fed will likely impose more large interest rate hikes in coming months and is resolutely focused on taming the highest inflation in four decades.
315,PR: The PA Pride Beer Series Continues With The Third Release Of ; A Multi-Grain Saison Packed With Flavor.Link:
316,"For , were spotlighting our local brewer, , who is working with to restore ancient water systems to harvest precious runoff water and address freshwater accessibility issues outside of Lima, Peru. Read more:"
317,PR: Threes Brewing Releases Oktoberfest Lager.Link:
318,: Day of the federal trial in Chicago about to start. Federal prosecutor Jason Julien is telling presiding Judge Ha
319,Op-Ed: Surprises may await around every turn or years of boredom.
320,"We've gathered a variety of nose hair trimmers, from simple-to-use manual versions to ones with a bunch of other features made to tackle the rest of your body hair and some that even have built-in vacuums to whisk the hair away."
321,: Heather red low-pro Richardson trucker hat! Available in the merchandise area of the Brewery and on
322,I dont think The McCaskeys are going to find new places (that Chicago taxpayers wont have to fund) just to keep missing the playoffs! is quite the sick burn some people think it is.
323,I went inside Taco Bell's California headquarters where new menu items are tested and the Live Mas flag flies
324,The Treasury Department is facing pushback from the cryptocurrency industry over sanctions imposed on a firm accused of helping to launder billions of dollars with some funds going to North Korean hackers.
325,This cat Halloween party themed drawing is coming along nicely. Looking forward to seeing it on glassware.
326,". Harris Poll Pt. : Consumers Gravitating to Brands, Customized Brewery Experience Era Growing.Story by :"
327,Angolas President Joao Lourenco appeared set to win a second term and his MPLA party was close to extending its -year rule over the country as final election votes were tallied Friday.
328,"Whether you're looking for the portability to wrangle acres of leaves, the power to dislodge wet debris piles, or just some help clearing off the patio once in a while, you should find an option for you."
329,I still see money being spent on BLN and I don't understand it. I'm not sure if its the taste or the positioning that are failing with consumers...or both
330,What's happening in my year old body when I drink a % IPA:
331,ARE YOU LOOKING FOR... Innovative technology strategies retailers and consumer goods companies are executingSubscribe to stay up to date:
332,Typical We were missing all the colder stars and the older stars. We were really only seeing the hot young ones.
333,"My younger brother, who makes his entire living off TikTok giveaways and live grow parties, is sending a member of his posse to pick me up from the airport. Ive never been so humbled."
334,Better hurry up! Petitions to be on the Chicago municipal ballot next year start circulating next week!
335,Happy birthday to the th Wards today! Blessed are those with birthdays that fall on a day free of committee meetings.
336,": Because ladies want to know, Wheres mine? - Why Is Chicagos Rail Extension Funding Considered Controversial?"
337,Psycho and Milkshake IPA. That's awesome.
338,I am but a college history major with nothing but Ds in economics so some hard partying actuary or pension benefits enthusiast on this dumb free app please check ny math.
339,IIRC after years in City Council pensions are % of final month salary? So in retirement the pay raise means:$8666/month if you dont take it. $9533/month if you take it. Extra $853 a month every month in retirement if a retiring year+ City Council member this raise.
340,"Join us as we visit Bratislava and have a quick chat with the team about their history with Ataccama, who they like working with, and much more!"
341,"Not sure... but it's not Bud Light Seltzer Hard Soda, which has earned ~$17 million *more* than Bud Light Next year-to-date"
342,JOANN uses location from to power outstanding in-store experiences for customers. Learn more about how they used Radar to generate incremental orders:
343,": We are delighted to share that EnsembleIQ BrandLab (with , , , and ),"
344,: . and ' Jamie Grill-Goodman are set to discuss the state of the stack. Tune in t
345,"Since a high mark of weekly sales entering July , Bud Light Next has had a sales decline every week, as tracked by IRI. Summer is prime beer season, yet trend is downward BL Next marketed toward seltzer drinkers, for which this is also highest historical sales period"
346,How to Communicate a Price Increase To Your Customers
347,"Still doing Tech Packs with email and spreadsheets? Time for ! Discover a better way during our digital event, Take the Trouble Out of Tech Packs Automate! | Register Now"
348,Pairing beer with classic cinema
349,So the city of Chicago charges you a service fee of $1 to pay your $35 ticket for going MPH over the limit. Next time I'm dropping off loose change.
350,: Awesomeness in August.
351,"Week : As mentioned on the podcast this week, it was all about High Noon this past weekend (especially at trendy Tall Ship in East Boston). A couple White Claws thrown in the mix. No Trulys available, so that might be a factor."
352,"In this Perfect Pour, takes us high into the Sierra Madre Sur of Oaxaca, where Leo Hernndez makes mezcal according to centuries of tradition."
353,All Hail the Cara God How Cara Pils Became Belgian Beers Surprise Cult Favoriteby
354,This logistics startup founder has raised over $20 million to help DTCs enter third-party retail. Here are the biggest mistakes he sees beauty and fashion brands make.
355,: Ribbon Cutting Ceremony for New Beer Garden to Take Place at Terrapin Beer Co.
356,Preliminary list of beers for the Beer In Front Awards. Are there any other macro/craft beers widely distributed now that came out in or earlier I'm missing?
357,: Last night: the tact team stopped a vehicle wanted for multiple burglaries in the suburbs. Stopped for m
358,": Lost in todays testimony was the first mention of the famed Chicago Rock n Roll McDonalds, which came up so many tim"
359,": COLUMN: Every week, the people who trade electricity in the UK get to quizthe managers of the national grid.Listening to"
360,Hard to overstate how talented this guy is
361,: [Checking my kid in for a blood test]Receptionist [putting him into the system]: Religion?Me: He doesn't have one.Reception
362,": Tonight! The fourth installment of Matt Ulery's August residency will feature Tim Haldeman (tenor), ("
363,: Dinner is ready. The Globe Pub burger with a side of Mac-n-cheese. Order online or stop in and say hi.
364,: madeline smart mix is live! check it out here:
365,": COLLEGE FOOTBALL IS BACK BAYBEE: For our nd year running we are an official Wildcats bar! That means this Saturday, the"
366,: Embarrassing. Humiliating. Pain and misery is part of being a baseball fan but Sox fans deserve better than this!!! For
367,Federal judge extends stay in case over Winchester Dam repairs
368,My new favourite moment of the season.
369,New episode of the podcast is out! I'll enjoy the great Racer from Bear Republic and have more details on the Beer In Front Awards!
370,Nothing against Molina and Pujols but honoring them and not letting Sammy Sosa in the park without a ticket is a damn shame!
371,"The Biden admin violated the National Environmental Policy Act by failing to analyze the impacts of greenhouse gas emissions in allowing an exploratory drilling project to move forward in Alaskas Western Arctic, claims in a new lawsuit."
372,California lawmakers have approved two bills that if signed by Governor Gavin Newsom would change how the state conducts recall elections.
373,: A little less viagra in the triangle
374,"""It is important that this sentence make clear that public corruption cannot be tolerated in a democratic society, U.S. District Judge William Orrick said, calling Mohammed Nurus crimes among the most reprehensible hes seen."
375,to the first Thirsty Thursday. These blokes looked like they'd be fun at parties.
376,: My aunt is at Ravinia watching Pitbull perform &amp; I am definitely planning to be her when I grow up
377,: CPD is warning about a pickpocket team that stole a woman's wallet at Loop Blue Line station last week.Pocket pickings a
378,: Redacted
379,tfw youre waiting for a carryout order and see the TVs and say No rush on that order. Ill have another
380,"/4: told the GDPR, which regulates data protection and privacy in the EU, has an impact on internet access in the bloc that extends beyond the right to be forgotten."
381,"/4: told that in Europe, the concept of protecting a person's private life stems from the continent's history of repressive regimes."
382,/4: talked to about the sometimes hazy line between public and private information when evaluating a takedown request under the right to be forgotten in the EU.
383,": The /1 Sidebar episode examined the right to be forgotten in the EU, which forces search engines, media outlets and others to comply with takedown requests. Is it reasonable? Would it work in the U.S.?Hosts: /4"
384,: . gave me a beautiful loaf of milk bread so of course I had to use it to make his very favorite sandwich: egg
385,"American's Alcohol Preferences ""More Closely Divided"" Than Ever"
386,": It's the most wonderful time of the year. There'll be tailgates for hosting, for toasting and chanting"
387,What started as a fight over the Biden administration's policy of not requiring vaccines for migrants despite a federal vaccine mandate for employees has morphed into a war over released immigrants.
388,"New : Director of Marketing in Burlington, VT"
389,Best TV show right now. Must pair well with Minute.
390,"""You made the city's building permitting process a farce,"" the judge told disgraced public works department chief Mohammed Nuru at sentencing Thursday."
391,"I recently moved and was surprised to find the new neighborhood seemed like such a peaceful, crime-free place. Then I realized it was because I forgot to activate Nextdoor"
392,No student should spend more than one hour on s bus to get to school but you know what jagoff did as a kid? But I was a good reader not subject to motion sickness. Most of these CPS kids arent as lucky. Hopeful figures out the routes quickly.
393,"R. Kelly accuser Lisa Van Allen was the star witness in the former R&amp;B singer's federal trial in Chicago on Thursday, offering a tearful recounting of her experiences leading up to Kelly's child porn trial in Cook County."
394,Speaking as somebody who used both LGA and the NYC Port Authority bus terminal several timesin the amenities were basically the same but bus terminal had vastly superior location.
395,: Story: Former director Mohammed Nuru sentenced to seven years in prison for taking bribes.
396,"New : Head Brewer The Good Society Brewery &amp; Public House in Seattle, WA"
397,"About Rohingya refugees have fled to Bangladesh since August , when the Myanmar military launched a clearance operation against them following attacks by a rebel group."
398,": Drink, location yeah yeah yeah"
399,: Pre show beer at an undisclosed Wisco fan location
400,"I mean props, Variety and this journalist are definitely getting major page views and vitality with this. And I am % only helping them with these tweets. But damn."
401,"I know I'm a day late to this article, and everyone knows my thoughts &amp; opinions on sir Harold, but if I had a cover story and half of it was focused on my boyfriend/relationships -- plus the headline with the bf reference -- I would be livid."
402,Just a perfect Thursday afternoon for a river tour. Beautiful!
403,"Prosecutors rested their case Thursday in the trial of Ravi Singh, a former Texas cop who shot and killed a woman while aiming at her dog during a welfare check, arguing his fear of being mauled was unreasonable."
404,": May to October has become known as the ""danger season"" when the US is most at risk of experiencing back-to-back climate disa"
405,A Delaware judge ordered both Twitter and Tesla CEO Elon Musk to turn over more information to opposing lawyers in their tussle over Musk's agreed-to-then-abandoned $44 billion deal to acquire the social platform.
406,": NEW - Affidavit for FBI search of Trumps Mar-a-Lago will go public, with redactionsVia"
407,Product Attribute Solution Provider Lily AI Closes on $25 Million Funding Round to Reach New Retail Partners
408,"New : Richmond Pilot Brewer in Richmond, VA"
409,Six civil and environmental groups brought a federal complaint Thursday to force the reconsideration of a rule that lets the government turn a blind eye to half a billion tons of landfilled toxic coal ash.
410,": In the last years, college tuition has increased by %. Wages for workers between the ages of and have increase"
411,Brewers Association campaign touts independent brewers to younger beer drinkers
412,Its a movement
413,Passing laws that benefit their constituents is such an obvious attempt by politicians to get votes.
414,A former Baltimore police commissioner who went to prison for corruption wants his pension back.
415,"California has set an ambitious deadline for green car sales, requiring that by all new vehicles sold in the state be powered by electricity or hydrogen."
416,: My story below. Prosecution rests in homicide trial of fmr. cop Ravi Singh. Killed Margarita Brooks in wh
417,: : Federal judge sentences Mohammed Nuru to seven years in prison.
418,"Take a look at how six Northern California breweries are crafting conscious, sustainable beers, and why locally sourced ingredients are so important to them."
419,This hat. Heres how you can snag it and stay cool on and off the course:
420,Brian Kemp's attorneys who filed a motion to quash his subpoena the night before his scheduled grand jury accuse prosecutors of playing political games.
421,"New : Brewer in Peachtree City, GA"
422,Stan Hieronymus examines the potential of a powder made from grape skins.
423,": Ehrlich says that sentencing Nuru to years won't do more to deter public corruption in the future. ""A short to moderate"
424,"Love the format of Brewer to Brewer podcast, where were just eavesdropping on a catch-up with good friends.Latest is with Marcus of and Jeffrey of"
425,: Ehrlich disputes that Nuru should receive a sentence greater than former state Sen. Leland Yee (racketeering &amp; fraud) and
426,": The defense's sentencing memo recommends three years. Ehrlich says that regardless of the sentence, Nuru will not reoffend."
427,": Ehrlich notes that Nuru is ""on the cusp of years old, with acute diabetes and a recent heart attack"" but knows he deser"
428,: Shepard is now saying Nuru should not get cooperation credit because he obstructed the FBI's investigation by tipping off
429,"The sworn affidavit that brought FBI agents inside Trumps south Florida resort home, Mar-a-Lago, must be made public in less than hours, a federal ruled Thursday."
430,": ASUSA Alexandra Shepard:""For years Mr. Nuru betrayed the trust of the people of San Francisco when he shook down city"
431,: Sentencing for former head Mohammed Nuru about to get underway in federal court. The hallway outside Judge
432,Still pickling shit over here.
433,"I knew this was coming and the big surprise is how long it took. Now, the question is, if brewers start using the Chinook terpene product, won't they also use the PB&amp;J and chocolate mint blends? I suspect the answer is yes. Brave new world out there."
434,Check out our latest episode covering alcohol retail technology
435,"New : Cellar Person in Anaheim, CA"
436,: Confirmed: sororities don't even know every event scheduled for rush Get the full scoop here:
437,"We started with a handful of brewers, and now we serve over of them ... That is because of the support we get from those brewers and distillers out there making a commitment to using grains grown close to them. Dennis Nesel, Hudson Valley Malt, NY"
438,Undisclosed location. Drinking beer. Some sort of rolling swag shop out front.
439,I hate the term quiet quittingand prefer to use its-5-oclock-somewhere-ing
440,Dollar Tree Taps Walmart Vet for CFO as it Prepares for Discount Hit on Margins
441,": When you stand over the golf ball, a lot goes on in the ol' noggin. Here is what's in my head this week"
442,"The question of scale and reach is a huge factor for distributors, as it is for breweries. Plenty of companies in both tiers realize that focusing close to home creates better margins and long-term success.Heres how that plays out in the Northeast:"
443,"Let's to the time when our marketing team thought, ""Coors Robot. Yes. Let's do that."" (P.S. -- It was no match for the BEER WOLF lingering in the background.)"
444,An Instagram ad/offer too good to pass up
445,Key Takeaways From the Brewers Associations Harris Poll Consumer Survey.Story by &amp; :
446,: This is a perfect joke.
447,"A federal judge in Texas enjoined the state from enforcing a criminal law prohibiting law-abiding citizens aged to from carrying handguns outside their home for self-defense purposes. The injunction is stayed for days, however, pending appeal."
448,"Increased cost of doing business, declining interest in craft beer, increased competition are all major factors, says Bryan Ferguson of . The company has pulled out of two states to focus on core markets, Massachusetts and Rhode Island."
449,"In New England, its not only breweries facing headwinds. Distribution companies have increased competition and rising costs, too, leading to layoffs and territory cutbacks. reports on the situation this summer:"
450,"PR: , App State Kick Off Football Season with a Collaborative Brew.Link:"
451,: Brindley questioning why Van Allen said earlier that she wanted to get the tape back to when she also said that she
452,": ""You left the tape in the possession of this guy Keith Murrell for six years without ever trying to get it back or make sure"
453,": Brindley accuses Van Allen of similarly ""stealing"" the alleged sex tape. Van Allen maintains that it was as much hers as"
454,": Brindley points out Van Allen's testimony in which she said, ""Yeah, I took it,"" when asked if she stole 's watch"
455,": Now getting into 's watch. ""You took it?"" Brindley asks. ""I didn't take it, he left,"" Van Allen responds. She denies"
456,: A re-read of this morning's transcripts has Van Allen saying Derrel McDavid gave her $20K after Keith Murrell failed his pol
457,"Molson Coors is on a journey to create a more inclusive, diverse and representative workforce. That includes bringing more women into our breweries. Hear from three women about what advice they'd offer young women considering a career in STEM."
458,: Student loan forgiveness plan has a SCOTUS problem
459,President Bidens long-awaited student loan forgiveness plan might be dead on arrival.
460,": After much flustered back and forth between Brindley and Van Allen over the veracity of her testimony, Judge Leinenweber ins"
461,": Presiding Judge Harry Leinenweber allows the clip to be played with sound. On the clip, Van Allen says that she saw scenes t"
462,": Brindley also points out that Van Allen said on the docuseries ""Surviving R. Kelly"" that she saw scenes with just R. Ke"
463,": The transcript of the trial reads Van Allen saying, ""I have never seen a tape with just Robert and Jane. Only m"
464,": Brindley now getting into Van Allen's testimony in 's trial. Brindley accidently lets slip Jane's real name, to"
465,": ""You could have simply destroyed it,"" Brindley says. ""I could have, if it had crossed my mind,"" Van Allen says. ""But instead"
466,": Brindley asking about Van Allen taking a videotape of her alleged threesomes with and an underage ""Jane"" from Kelly'"
467,": Brindley now getting into the memoir Van Allen wrote, and her participation in the docuseries ""Surviving R. Kelly."" ""So"
468,So did his campaign people not explain the Wilson for Mayor GOTV/Vote By Mail opportunities this Chicago precinct change presents a well (self) funded candidate or did the candidate just not believe them?
469,": Brindley is doubling down about Van Allen's testimony this morning re: the alleged lawyer's office trip in . ""You starte"
470,": Brindley discussing Van Allen's statement to a grand jury prior to this trial, in which she said she watched the alleged"
471,": ""I definitely watched child porn with Derrel McDavid... if that's what you're getting at,"" Van Allen says. Brindley tells he"
472,Unofficial bring your dog to work afternoon because he looked so sad when I was leaving at lunch.
473,A pair of Florida-based Trump supporters pleaded guilty on Thursday to stealing Ashley Bidens diary and selling it to the conservative media outlet Project Veritas.
474,": Ald. Matt O'Shea: ""We are failing the men and women of the Police Department. We have to better."""
475,: . founder Sam Calagione offers his wisdom on succeeding in the craft beer industry. .
476,: Trying out this and collab for the first time! Tru-Action IPA is a continually dry-hopped
477,"When you go to the ballgame with , you inevitably have to watch a pizza video at some point. I aint complainin."
478,Chicago is!
479,WSJ: Bed Bath &amp;; Beyond Boosts Liquidity With $375M Loan
480,"This is how we take a break from catching muskies at the World Musky Hunt in Lake Tomahawk, WI, sponsored by"
481,"Which person, dead or alive, would you love to grab a beer with?"
482,": The base beer to Bird in Barley, our coffee saison. Belgian-style farmhouse ale. Light, fruity, tart. htt"
483,"Humans getting rabies, black hole sounds, eating dinner on the couch, naming the area between your butt and your balls, using a stock iPhone background, AIM handles, and a lot more.Listener Voicemails are live."
484,California's Department of Managed Health Care confirmed it is investigating mass cancellations of mental health appointments by Kaiser Permanente despite warnings not to do so during a labor strike.
485,It is!
486,": In Chicago, Ida B. Wells was essential to building political power for Black women. But, before Wells arrival, Black peop"
487,"Since touching down on Mars in February , NASA's car-sized Perseverance rover has driven miles, transmitted thousands of images and collected around rock and soil samples that could reveal whether life existed on the red planet."
488,": Van Allen denies ever lying about her and 's relationship to Brindley, and denies ""feigning emotion"" to try and manip"
489,: 's federal trial in Chicago now resuming. First defense attorney up for cross-examination of Kelly's accuser Lisa Van
490,": Federal prosecutor Jason Julien concludes his questioning of Van Allen, after she says she saw a different video featuring J"
491,": During the trial, Van Allen says she recognized McDavid in the courthouse while she was going to testify. She also reco"
492,": After this ""merc"" comment, Van Allen says she then made a false statement to a lawyer that she had never had a sexual encoun"
493,Calling all Volunteers! Attend the states largest beer event focused exclusively on Texas-brewed craft beer for FREE by signing up to volunteer!
494,": Van Allen says McDavid told her they - i.e. - and co. - should have ""merc'd her"" - i.e. killed her - ""from the beginn"
495,": During a second trip to Chicago and after taking a second polygraph test, Van Allen said she got an additional $50K and Keit"
496,": Van Allen says she went to see in Chicago in to discuss the tape. She says Kelly was willing to give her $250,0"
497,": After later finding out from Keith Murrell that the tape had somehow been leaked, Van Allen said she wanted to get the tape"
498,: Van Allen also denies ever releasing the sex tape to anyone in Atlanta; anyone except Keith Murrell in Kansas City.
499,": Van Allen says she was afraid of knowing she found the sex tape she saw. ""I wasn't supposed to be in the bag, I was"
500,": Van Allen says she had a ""negative"" reaction to Jane announcing her th birthday in . ""I was told that she was two y"
501,": A third videotaped threesome, Van Allen says, occurred in Kelly's trailer in on the set of his ""A Woman's Threat"" video"
502,": Van Allen also says recorded the trio having sex on a futon in a basketball court. This time, she says, she began cr"
503,": During one of these threesomes, Van Allen says she saw setting up a camcorder, and that he adjusted it in the middl"
504,": Van Allen says she recognizes ""Jane,"" one of 's alleged underage sexual abuse victims who testified last week. ""We ha"
505,This better be the most boring pic anyone tweets at me all week.
506,": Van Allen also recognized Derrel McDavid, 's former manager, in the courtroom."
507,": Van Allen says she recognizes images of 's Olympia Fields, IL home as it appeared in . She also says she saw Milt"
508,": After a sidebar, prosecution asks more directly if Van Allen was allowed to talk to or even make eye contact with other men"
509,
510,: Van Allen also says would frequently record them when they had threesomes with other women. Prosecution asks whether
511,": Van Allen says she had a sexual relationship with after moving to Chicago. She was intimate with Kelly ""a few times"
512,"Lol. Tell twitter you never went to pre-renovation LGA without telling twitter you never went to pre-renovation LaGuardia. Buckets, mold, and duct tape fixes everywhere at LGA in when Biden said that. It was the Thompson Center of major airports. Totally sucked."
513,": Van Allen was in Chicago to see for less than a week in , she says. They ""listened to his music, talked, had sex"
514,": Van Allen says she had sex with Kelly in his trailer during the ""Home Alone"" video shoot, and that she called him a month la"
515,: Defense concludes its questions for Beaumont and he is off the stand. Lisa Van Allen is the prosecution's next witness in
516,: Beaumont says it was his impression that Jensen hired him to polygraph Keith Murrell and Lisa Van Allen in preparation for
517,: Prosecution in 's trial wraps up its questioning of Lawrence Beaumont. Beaumont was hired by one of Kelly's former at
518,: Justice Department Spokesman :The United States has filed a submission under seal per the Courts o
519,We fly high : hitch08 on IG
520,"Hay, look who made an appearance at ! Shout-out to for being the longest-standing partner of"
521,"NEW EPISODE Tom Madrecki, VP of supply chain at the , sits down to talk about whats happening in retail and CGP and whats ahead."
522,"Texas trigger law banning abortion is now enforceable. The procedure was already deemed illegal under a law revived after the U.S. Supreme Court overturned Roe v. Wade, but the penalties for violations have increased significantly."
523,: The Attorney General is extremely disappointed in todays dangerously wrong decision by the three-judge panel and plans
524,New Big &amp;; Bulky Instacart Service Offers Same-Day Fulfillment on Larger Items
525,"COOL YOUTH PASTOR:""You know who else cancelled your debts?"""
526,Patio weather report: It's so frigging nice out today.
527,: Thanks for including me in your column . Give it a read!
528,"Interestingly enough, former Apple CEO Gil Amelio also compared that company to a troubled ship. And I can confirm that Apple is still around today (h/t )"
529,Thank you for the tweet material.
530,"Heres an elegant homebrew recipe for a super-lean and dry rice lager, ideal for warm summer nights or enjoying with virtually any meal."
531,": you got a ppp loan, I pp the bed we are not the same"
532,No More Auteurs Can Alternative Ownership Save Craft Beer from the Cult of the Singular Male Genius? by and
533,New episode covering alcohol retail technology
534,"At AB InBev we are focused on being a part of the solution to water challenges. For , we are recognizing our key water stewardship initiatives that are delivering a . Read more:"
535,"In his letter to shareholders, Peloton's CEO tells a story about working on a cargo ship that was in mortal peril and then compares said cargo ship to Peloton. This apparently was not reassuring"
536,Peloton plunges % after its latest results/forecast come up short by pretty much every measure via
537,: Thank you for shining some light on Lanier hs and our rich basketball history. &amp; congratulations to David Rodrigu
538,An Eighth Circuit panel upheld a federal judges injunction Thursday against an Arkansas law banning transgender medical treatment for minors.
539,"Asahi is exploring a full-scale push into the North American beer market using ""various forms of entry"" including: brand acquisitions, working with start-up companies, and aggressively launching products in the no- and low-alcohol segments."
540,
541,st display compliments of Ashoc
542,These top flavors carried over nicely into Energy Drinks
543,Expert Perspectives on Next-Gen Retail Experiences
544,NorCal's original days of hand bottling/packing beverages
545,Very fun sprint week at working on disruptive sports tech concept to better connect teams with the fan of the future.
546,"Admittedly, this beer won't give you magic powers, but it could grant you a little space between things where you can consider what exactly is your magic power. Don't be afraid to terrify your loved ones, friends or coworkers with your power."
547,"A magic power... do you have one? Maybe more than one. I bet you do. Maybe not the kind that make Marvel movies, but a little something extra compared to the average noob."
548,"Magic Power IPA conjures zested orange peel aroma with fuzzy peach, plump berry flavors &amp; a light honey malt finish. % abv. Available today on draft + -packs to go at Balmoral. Out for distro through September."
549,"If youre trying to get out of the house to catch a game, why not enjoy it with a cold &amp; your closest friends."
550,": One pumpkin lover will be paid $1,000 to taste Trader Joe's seasonal fall foods"
551,Time to record! I'll have more details on the Beer In Front Awards!
552,Natural pics I took yesterday....lol I stand on what I said...
553,About a million of these views are me.
554,He just proved why she felt the need to stop in a public setting.
555,: I wrote a newsletter (first in a long time!) riffing off of and 's recent posts about beer and the int
556,Love the pic guys but its one thing for y'all skylines to look dope it heavily filtered photos. Chicago skyline is naturally dope in person
557,: Two new *sealed* entries in Mar-a-Lago search warrant docket filed today ahead of noon deadline for FBI to submit pr
558,This pissed me off on so many levels...
559,Packable (formerly Pharmapaks) once the top p seller on Amazon and still a top seller with $1.6M in daily revenue on the platform begins liquidating business due to lack of funding (getting harder to make a living selling other people stuff)
560,CANES Are You Ready for Tailgating to BUY NOWFREE SHIPPINGEnter THEU20 for % off cases!!THE BETTER FOR YOU ALCOHOL
561,Italys worst drought in years has exposed the piers of an ancient bridge over the Tiber River once used by Roman emperors but which fell into disrepair by the third century.
562,How inflation created a new shopper mindset with my comments via
563,Lunch read! Here is what's in 's head this week
564,Serious question: Is there a bill out there to repeal the eminent domain power in this bill. Because I know what some OH wind power firms considered market rate when seeking familys farm land easements for turbine locations and offer was pretty pathetic.
565,It's nice to see the victims of this sneaker ponzi scheme reimbursed because I'm sure a lot of them thought their new balance was zero
566,ALWAYS FREE SHIPPING! to BUY NOWTHIRSTY15 for % off casesThe Better For You Alcohol
567,"Now's your chance to own shoes from the ""Bernie Madoff of Sneakers"" via"
568,PR: Yonder Cider Celebrates Years.Link:
569,: Did you hear that Jimmy's Pizza on Montrose now has craft beers and other adult beverages to choose from?
570,:
571,in the mood for a hefeweizen
572,: The last polygraph test prosecution in 's Chicago trial is questioning Beaumont about is a third test for Lisa V
573,": The subject for another polygraph test Beaumont says he conducted for Jensen in was Keith Murrell, a mutual acquaintanc"
574,": A teen who sued, via her parents, after she was shot five times by a Harris County, Texas deputy constable, had her case"
575,: The contribution limits have been lifted due to self funding in the nd Supreme Court district.
576,Looking at sales gap reports:If a sku is authorized - why isnt it in the store? OOS or just never delivered? A sales miss.In the famous words of Fletch - You cant run the ad and not run the story.
577,": Prosecution in 's federal trial brings up a consent form for a polygraph test, signed by Lisa Van Allen and dated to"
578,"Give me minutes and I'll teach you everything you need to know about US Retail and E-Commerce sales for the first half of Growth vs last year, growth since the pandemic, inflation, winners and losers, it's all right here."
579,Important reading
580,": The biggest challenge the US beverage industry is starting to face, especially in the western U.S., is access to water"
581,Ways Brands Can Prepare Their Email Marketing Program for BFCM
582,Probably more tbh. There is also % chance many of those dozens could write figure checks to Candidate Bailey (and frankly other viable statewide GOP candidates) but theres precious little sign they will this cycle.
583,: Great read from about the impact and legacy of championship teams.
584,GMAFB. So far candidate has been a walking unforced error from his Highland Park shooting remarks to Hellhole comment after delivering a pretty decent State Fair speech. But none of that matters if groups like dont start getting him funds.
585,"Hundreds gathered in New Haven, CT for 's Rare Fog Day: an event that has amassed a cult following over the past years."
586,": First witness of the day, of whose notes the attorneys were arguing over, is attorney and polygrapher Lawrence Beaumont. Bea"
587,": Presiding Judge Harry Leinenweber in 's trial dealing with some housekeeping issues. At federal prosecutors' request,"
588,PR: Releases Little Man Space Junkie Sour on Aug. .Link:
589,: Loaded ep with on a guest segment this week - Sorority recruitment- Getting out of the friend zone- Bud
590,The schedule is beer.
591,": New: After straight quarters of growth, Walmart+, a response to Amazon Prime, has seen its membership numbers decline, pe"
592,: Let's do this again with a toast from Jean for good luck! Zwanze tickets the mulligan are available through the li
593,Cant wait to see the art up on the walls!!
594,Love this. When you buy bottles you are gifted a lovely soda canteen. Needed item that happens to be branded that provides VALUE to consumer.
595,As my last born child walks into her senior year this year. I am dancing closer into empty nesting like this.
596,"I sold my truck to help set up my first Airbnb. Now my wife and I make $118,000 in bookings a month from our rental properties."
597,"The number of monkeypox cases reported globally dropped by % in the last week, reversing a month-long trend of rising infections and a possible signal the outbreak in Europe may be starting to decline, according to a WHO report issued Thursday."
598,: This time years ago you'd have found me at the MN State Fair hyping world-class lagers for media outlets across the Mid
599,The streak is alive and so am I.
600,Do you really think he was thinking at all? had an uphill climb to win anyway. But he seems hell bent on making it a vertical climb. And so far there aint any Spaniard or Uihlein throwing him a rope to help with the ascent.
601,": There's a heatwave in Europe, as well as a surge in sales of electric heaters, heated blankets, and other heater appliance"
602,: Day of the federal trial in Chicago about to start. Defense concluded its cross-examination of Charles Freeman yes
603,"Russias invasion of Ukraine will accelerate the worlds shift to renewable energy because of price shocks in oil and gas, a U.S. climate envoy said Thursday."
604,What makes skyline so dope is fact you can hit various parts of the city and still see it. You can even see it as far as the south subs.
605,": Did you know that The Burch at OBC food truck has secret menu items?! To find out what they are, you can either do t"
606,PR: Releases Four New Beers.Link:
607,"A Pakistani court on Thursday extended former Prime Minister Imran Khan's protection from arrest through the end of the month, officials said, after police filed terrorism charges against the country's popular opposition leader."
608,: Now this is some hardcore advertising!
609,well played
610,: The sneaker-trading platform on Thursday announced an $8.9 million investment round as it continues to scal
611,"PS - this isn't an anti-debt relief tweet. It's a ""you can't solve huge problems with minor assistance"" tweet."
612,Debt relief.
613,"When in doubt, tell everyone youre obsessed with Pepsi as your fun fact on the first day of classes"
614,: Go on a fun and educational journey through the world of craft beer with ! Makes a great back to (brew) s
615,Angolans are anxiously watching the vote counting in their election race between the ruling MPLA party and the opposition UNITA.
616,"Sales of heated blankets and portable heaters are soaring in Europe despite a record heatwave, as people try to avoid sky-high winter fuel bills"
617,: Contributed some words on quitting booze and getting out of the game. The interesting thing about sobriety is the variety of ex
618,"PR: Walker Brothers Kombucha Now Available in Whole Foods in TN &amp; Atlanta, GA.Link:"
619,moves Walmart has made in months to try to resuscitate Walmart+ and compete with Amazon Prime after growth stalled out
620,: very grateful to these folks for sharing their stories with me
621,Happy from Pints and Panels
622,"Nah, I mean the hating hellhole replies that I get arent usually coming from established accounts. Its from guys like you (probably suburban) who once got tossed for TOS violations or, more often, jamokes like Dan here and his newish account with its two whole followers."
623,This weeks key finding! There is a statistically significant correlation between defenders of Darren Baileys hellhole and twitter accounts that were only registered in last years.
624,": On Independence Day, Ukraine remains defiant after months of war"
625,: Breaking: California announces first California Consumer Privacy Act enforcement action against for s
626,*The winters in Chicago sure are invigorating. Nothing like a good cocktail in a Chicago tavern cheering on the Blackhawks and Bulls! And it makes you appreciate Chicago summers even more!
627,: AG tells reporters that its enforcement action against Sephora could not happen under the current version of t
628,: Judge grants Justice Department request to block part of incoming Idaho abortion lawVia
629,: Memo sheds light on Barr decision not to prosecute TrumpVia
630,What kind of bullshit is this?
631,"Getting called ""Graham Cracker"" all through middle school really wasn't too bad."
632,": It is so important for to talk about alcoholism in the industry.Kudos to for broaching the subject,"
633,: ||| NEW EPISODE!! || of the || podcast!! ||
634,: honored to be a part of this piece - thanks and kudos to for collecting these stories and to all of the folks
635,Opterus Helps Retailers Access Relevant Data from POS and Workforce Management Systems
636,": Welcome aboard ! An experienced software developer, currently responsible for building the future of"
637,"Whos your pick? Dont forget to vote for your Pepsi Zero Sugar Rookie of The Week, voting opens September th."
638,: Its a pretty city..
639,": HEDY LAMARR escaped from her Nazi husband by disguising herself as her own maid, became a top actress in Hollywood, th"
640,Brewbound Podcast: The Latest on the CO2 Issues.Listen (Free):
641,"""What was the moment you realized you needed or wanted to get sober?"" In his latest blog post for Let Go or Get Dragged, shares the stories of seven people and the pivotal moment that led to their sobriety journey."
642,Cross-Border Ecommerce Pitfalls and How to Avoid Them
643,: All Hail.
644,Used to work across their portfolio. They make hand over fist with Campari and Aperol (bananas) but also have a few more niche cult brands like Braulio Cynar etc and some bigger named products that no one knows is linked to them
645,"Ive always wanted to start a guild for BAs who play, but it just never happened."
646,Utah sues Biden administration over restoration of national monuments
647,"Okay, if you must know. I love to heal in PVP battlegrounds. Mostly on my Panda Mistweaver Monk, but tonight Im working on gearing up my Cow Restro Druid. Man, their mana regen sucks in Shadowlands!"
648,"Anyone else staying up late, drinking Smoked Bockbier, and leveling alts on ?"
649,: Preemptively posting this.
650,Summer Nights....
651,Judge grants Justice Department request to block parts of incoming Idaho abortion law
652,But is it crushable?
653,: Looks like the gave out a few tips on the best way to eat a hot dog. They even let the boy who dropped h
654,": Pu pa delante mi gente, con una birria pal hambre oiga"
655,: Good night for a cool drink in Edgewater! Open today at pm. Located in Chicagos Edgewater neighborhood. Pickup &amp; de
656,": Dolly Parton once sang ""working nine to wine""...or something like that! Come enjoy /2 priced bottles of wine at Theor"
657,: NEW BEER WEDNESDAY: We got a couple two tree classics along with tons of new oktoberfests! We got happy hour from :30-8!
658,: on. every. tv.
659,"New : Brewer Technician in Chico, CA"
660,: BREAKING: Were suing Arizona over a law that makes it a crime to record police officers if youre within feet of them.We hav
661,: Enjoying Vienna Vamos at an undisclosed location.
662,"Though damn, the real issue is the cost of college. This better just be step one in a comprehensive reevaluation of whats what."
663,"People who need help are getting help, that makes me so angry is quite a worldview."
664,My childhood pizza parlor is a mid s vibe
665,Childhood? I wish!!
666,Look man if youre going to tweet IP at least do them the courtesy of linking to the merch:
667,New : Regional Sales Representative - Maryland New Trail Brewing Company
668,": Hesburgh Manhattan &amp; a Guinness in Undisclosed Location, Cheers!"
669,The Uvalde school board reacted about as quickly as Pete Arredondo did that tragic day. But at least they finally did.
670,Uvalde fires school police chief in reckoning over school shooting
671,"Another episode, another thumbnail featuring that beautiful son of a bitch, .Subscribe to our new YouTube channel for all episodes: , just watch today's episode here:"
672,You lucky folks who have rooftop access know that there's no wrong beer for up there. But what if there was one that was juuuust a bit more right than the other options? Freedom Lemonade is altitude tested for those perfect summer parties in the open air.
673,Ethanol treatment shown to bring drought relief to crops
674,Ex-Mexico attorney general indicted in mass kidnapping case
675,"Let's do this, Wednesday night."
676,: Ive read all but one of these books and assumed most kids would be exposed to at least half of them.
677,Whether you believe in broken windows philosophy or not its just wasting time if local States Attorney wont prosecute the low level stuff. Just being pragmatic here.
678,Oh look another troll who defines themselves by living Chicago adjacent! Dont you have a local school board meeting to flip out over?
679,Name one city with a better skyline than ...I'll wait...
680,Solid beer. Sale at the Jewels for $7.99 a six pack. - Drinking a West Coast Wizard by Untappd at Home
681,Theyre going to focus on catching fare thieves the Cook County States Attorney will absolutely refuse to prosecute? Look Im really really trying to be supportive but you need to focus on violent crime against riders not low level (never gonna get prosecuted) BS.
682,Jury awards $16 million to Vanessa Bryant for leaked crash site photos
683,California lawmakers sign off on controversial bill to expand support for school health centers
684,Newsom sends another $58 million to the college-to-career pipeline
685,"Oh FFS, who has kids that will be selling these? Sign me up for this!"
686,"New : Plant Technician Fermentation startup in West Sacramento, CA"
687,Timeline cleanse
688,It's a beautiful evening to be on a boat with beer.
689,": Whew! I thought for a minute this was about us. In fairness, we are promoters of brown ale."
690,: I have been in bars pretty much every other day for the last years and have never seen a person mock another person for
691,: Look what we found
692,": years ago today, a spectacular sunrise to start the day."
693,"New : Regional Sales Manager, Los Angeles, CA in Los Angeles, CA"
694,Good time talking with Adam &amp; Steve over at That episode will come out next week. Check their show out every week!
695,"This -yard dash by a -year-old T.O. is impressive, no doubt.But can we please show some respect for the videographer"
696,"Qurate Retail Group Appoints Interim CFO, Creates Chief Transformation Officer Role"
697,Your midweek moment of zen.
698,What do I need to do to get a meeting with you?You need to mail me a letter with five suggested meeting dates and a SASE inside and Ill circle one date on the letter and send it back to you.(Not actually the process but it it the dream)
699,"For me, really great beers cause you to pause and take note. And they're hard to come by to be sure. But truly world class beers are incredibly rare. They stop you dead, demand your full attention, and elicit total and immediate appreciation. I'm sure that clarifies things."
700,: Wednesday martini at an
701,Share your expertise with the craft brewing community! Submit seminar proposals by Sept. . Learn more:
702,:
703,: Office of the Chief Judges YouTube accounts to be restored
704,"We're having a Summer Shandy day over here, how about y'all?: jimmysislandgrill on IG"
705,: Our favorite dynamic duo.
706,Hollywood insiders will get to see the Batgirl movie in what theyre calling funeral screenings before its locked in a vault forever
707,but its OK to be ?This is the kind of backhanded insult that can only be settled as a question of honor at dawn outside Wallys on I-55.
708,: Chicago Public Schools has a facility capacity surplus equivalent to three Sears Towers
709,Learn more about in Episode of !
710,: undisclosed location having a pre-performance beer
711,: This is just terrible and scary: people wounded in drive-by shooting across from Schurz High School on Northwest Side
712,: What Ill call brand arrogance is when I buy an item and maker of item thinks that means I want to get an email from them ev
713,: The guys who think its the governments job to make you have your rapists baby think a little education debt relief is a tyra
714,:
715,: I doubt any buildings look like this in whatever soulless suburb he comes from .
716,": Of the countless images I have captured in my life, none is more iconic than this one. I can't believe it has been years"
717,Its always summer with Big Zesty in hand! Stock up on Big Zesty today! Visit our product finder today at before the summer floats away.PS - Our Big Zesty fanny pack and Big Zesty Guava floats are perfect compliments to extend the summer feels.
718,Imagine the genius required to jump a lethally electrified third rail on the red line just to tag the far wall.
719,"Slurpees, T-Shirts and Car Accessories: -Eleven Launches Merchandise Site"
720,You want to take this one ? We got a racist old white guy on line .
721,"And, yes, I know the plural of Hero is Heroes. I was referring to the genus if South American fish ."
722,Northern California ranchers defy state orders to cut water usage
723,": This. The earnings bump that university diplomas used to generate is much less today, yet is far from enough to offset th"
724,"They could have not done that, but they did. Heros."
725,": ...The best part is what these teams will be focusing on. Per the CTA press release: ""these unarmed K-9 teams will be dep"
726,: Undisclosed location
727,Campari takes % stake in Howler Head banana bourbon for $15mil. Howler Head has pulled off a $100 million valuation in a year. Shows the power of UFC.
728,: Aren't we all
729,The word is out about Miller Lite in Canada.
730,The Grafton is closing.
731,Undisclosed location. Drinking a beer. Doing work stuff.
732,"Oh good, Naperville has entered the Chicago chat."
733,More piscine taxidermy taverns of Chicago!
734,": Bar again, bar again. Drinkity drink."
735,: Emails and beers at an undisclosed location. CC:
736,:
737,Final dinner is served
738,"NEW: Take Flight Spirits is taking a different approach from many new distilleries. Rather than focus on building the brand and competing on shelves, it aims to build customer experience in its pub with plenty of experimentation and an ever-shifting menu."
739,": From here on out, it's always Day at Amazon. Will they have to change the name of that HQ building in Seattle? https:/"
740,nobody likes beer anymore
741,
742,": My latest: Amazon is losing its Day mindset, and a Day mentality is creeping in, a big challenge for st year CEO"
743,
744,"New : Senior Accounting Manager in Boulder, CO"
745,Why have the new cta security guards all stay in the front car where its usually quiet anyway?
746,: Dillon and lil P are famously members of
747,: Hellhole as far as the eyes can see th and Wabash
748,Biden announces long-anticipated plan for student loan forgiveness
749,: Frank &amp; Mary's
750,Stuffed trophy fish taverns of ChicagoOCallaghans Four Treys TavernWhat other taverns of piscine taxidermy distinction am I forgetting?
751,Campari acquires stake in Howler Head whiskey ://
752,What you got against the former South Loop location?
753,": Reading Biden's student debt reform policy, it is incredibly comprehensive. It includes not just the $10,000/$20,000, but to"
754,": Pritzker, in response to Bailey's recent Chicago comments: ""I refuse to sell farm families out by playing the game of p"
755,: Working at The Grafton gave me a living wage for the first time in my life. I was able to pursue journalism because of it.
756,"FYI CPS parent tweeps reporter doing heroic work today live tweeting another long, long Board meeting. Check it out, lot of great info out of meeting shes tweeted today."
757,"the worst part about trying all these ciders for the book is opening one that's just absolutely amazing, re-shaping what even my preconceived notions of cider are, and having no one at my house to share it with"
758,Last night in Venice feeling incredibly grateful for a week with no commitments in six years with the hubby.
759,": BIG Q: Will Martinez try to resurrect super under-enrolled high schools like Orr, Manley, Hirsch, Austin CAA and Douglas"
760,"Hellhole? Nah, its a pretty city."
761,"Im excited that I might be the last generation to be saddled with unsustainable student loan debt at the expense of being able to afford a home, have children, or start a business. Income-based caps are huge."
762,Peloton Launches Key Products in U.S. Amazon Stores
763,": I don't have student loans and don't think anyone else should either. While we're at it, no one should be in debt paying"
764,"Hellhole? Nah, its a pretty city."
765,Sierras Strainge Beast unveils a new Mimosa Fermented Cocktails brand.
766,"At East Coast meeting in NC. Biggest takeaway: Ken Grossman has placed some big bets on beer in the last ~42 years. His latest is on ALL beyond beer. Look for at their new Can Do Chico plant (~250-500k bbls) soon. M&amp;A,JVs, partners all possible. The future is here."
767,": Chi Public Schools CEO Pedro Martinez about under-enrolled high schools: ""I came out sad and kept thinking about the stu"
768,That's not a flex. That beautiful steel-belted cooler is full of beer.
769,"Well I was kind of thinking a beer sounded good and then this truck pulled upso thats definitely a sign its beer time, right?"
770,": Celebrate the everyday things that enthrall little ones in ""Little Poems for Tiny Ears,"" a charming collection of baby p"
771,"I mean if youre a Chicago billionaire just offer Dolly Parton a check to cover that literacy program for Chicago kids. Everybody loves Dolly Parton, kids, and reading."
772,"SAVE THE DATE! Analytics Unite will be LIVE in Chicago next May , . Join us as we head back to the Drake Hotel for three days of learning from the industry's leading analytics experts."
773,: Confused on how the climate provisions in the Inflation Reduction Act relate to SCOTUS recent ruling in West Virginia
774,"Categories where consumers are ""trading down"" the most via more insights on Food &amp; Beverage in -"
775,If any Chicago billionaires wanted to fund a Chicago equivalent of Imagination Library and its free books for young readers programwell that would be a heckuva grand thing.
776,IRI: Most of Voodoo Ranger Family Up Big; BA-Defined Craft Struggled.Story by :
777,": ""Look, I'm not going to pretend to be a farmer. I'm not. But I do know that agriculture is a business. And before I was a gov"
778,Every Giants fan watching this: Where are the kayaks waiting for the splash hit?
779,": District officials shared some academic outcome data showing widening disparities by race.""Clearly we see that what wo"
780,Climate bill is big win for Dems but doesnt address high court defeat
781,"""We used to dabble in all kinds of stuff, make all kinds of styles &amp; there were styles I didnt think we excelled at. I came to the realization that Im going to go back to making the styles of beer I absolutely love. - for"
782,Trial over leaked Kobe Bryant crash site photos goes to the jury
783,"I know I'm not Gen Z because even the idea of returning something that's clearly the wrong size is too much. ""Oh well, guess I'll just own this thing forever..."""
784,Drizly: Consumers Wallets Will Feel Pressure During Labor Day Weekend; Beer Prices +5% YTD on E-Commerce Platform.Story by :
785,Gen Z shopping strategy:1. Buy stuff2. Sell it3. Profit?? via
786,Texas judge blocks enforcement of Biden emergency abortion guidance
787,: OKTOBERFEST is here and w/ a fresh new look! Our take on the classic Oktoberfest Mrzen is brewed w/ German malts for
788,Spotted in today's newsletter. Crazy to think that two facilities will have been auctioned off over the span of years. currently occupies Green Flash's former east coast brewery in Virginia Beach.
789,"Steamers can do lots of things that irons can't de-wrinkle delicate fabrics, lift stale smells out of clothes, smooth your curtains without taking them down, and refresh upholstery."
790,: Any curious cats wondering what was inside this box? Theres another teaser in the next tweet! https:/
791,"My opinion absolutely does not matter, but I paid off my student loans (which were minimal thanks to my parents!) and I would be THRILLED if every single student loan was immediately and completely erased. What kind of dumb idiot would think otherwise (plz don't answer that)"
792,: Have we tried cancelling student debt by simply digging up its old tweets?
793,Dillon and Dave
794,"Dill Nye The Science Guy, Will ""Excited because he just found his wedding ring"" deFries, and Dave ""Ask Me About My Fantasy Draft"" Ruff are back in the building.Let's link. Let's build.Apple Podcasts: :"
795,"Up % in the last months, Miller Lite is on a roll in Canada."
796,: Get the fuck out of my house.DAVID BLAINE freaks out HARRISON FORD in his own kitchen.
797,": My fellow sentient beings, I am still looking to fill guest slots for my show, Rob (from the Internet) talks about bee"
798,California fines Sephora $1.2 million for selling consumer data
799,PR: Hopsteiner Licenses CLS Farms to Grow and Market Four of its Proprietary Varieties.Link:
800,"First ever IRON PARADISE EXPERIENCE -X in Vegas As the OFFICIAL TRAINING SHOE of UFC, is proud to engineer innovative &amp; bad ass training gear for the FIGHTERS / their TEAMS The warriors who WALK THE WALK.BIG announcement next week!"
801,": Thanks for reporting. We've passed this on to our team. For matters needing action, see staff or call . You can"
802,"The Future of Buy Online, Pickup In-Store: Location-Powered Experiences"
803,
804,"As far as I'm aware - it's kinda like what's ""craft,"" craft, or Craft. It's all ""craft beer"" to market research companies. I don't think I've ever heard/seen Nielsen or IRI parse imports out to the degree of physical brewing location to shift it to ""Domestic-European Lager"""
805,"This adds another layer to 's work for that showed Busch Light was responsible for its own success, not shoppers desparate for cheap beer:"
